,SCoPs,MaxRegions
Shapiro-Wilk-Test,7.54660912114015e-13,6.84890627334338e-13
T-Test,1.49823869779143e-47,1.05602307519089e-37
