"","SCoPs","Δ","MaxRegions"
"µ",44.5639739969456,5.25827613677963,46.9072708072276
"s",35.9218012465277,8.16484868809942,38.8547619643465
"s²",1290.37580479504,16.9963449171944,1509.69252730602
